Date,China Methanol price ,US Gulf Coast Methanol Price,Taiwan Methanol Price,Rotterdam Port Methanol Price,Geopolitical Risk Index Chinese,China Coal Production,Coke Comprehensive Evaluation Price Index,Monthly Output of Coke in China's Industrial Products,Monthly Supply of Coke in China,Monthly Coke Supply-Demand Gap in China,Monthly Consumption of Coke in China,Monthly Apparent Consumption of Coke in China,Global Oil Production,Brent Crude Oil Price,Natural Gas Spot Price,Purchasing Managers' Index,Industrial Production China,Exchange Rates China,Economic Policy Uncertainty China,Year-on-Year Growth Rate of Retail Sales of Consumer Goods in China (Monthly),Monthly Retail Sales of Consumer Goods in China,Year-on-Year Growth Rate of China's Producer Price Index (PPI) for Industrial Products (Monthly),Year-on-Year Growth Rate of China's Producer Price Index (PPI) for Mining Industry (Monthly),China Commodity Price Index,CCPI£ºRubber,CCPI£ºMineral,CCPI£ºEnergy,PPI-Chemistry-Industry,PPI-Coal and Coking Industry,PPI-Oil,PPI-Other,PPI-Textile Industry
2005/1/1,282.7273,82.26258,284.7727,213.4545,0.452543288,12879.1,939.2254286,1701.77,1446.5,388.06,1058.44,1610.68,84.2,44.3,6.13,54.7,7.6,8.27,75.73043972,11.5,5300.9,5.8,19.6,78.49879121,96.39492647,88.78666667,73.04,111.1,121.1,115.1,103.7,99.7
2005/2/1,274.4444,81.8665,286.6667,213.1111,0.627352595,11138.3,946.492,1724.7,1466,440.04,1025.96,1586.03,83.4,45.19,6.18,54.5,7.6,8.27,32.59744614,15.8,5012.2,5.38,21.6,79.54373626,96.09294118,89.16666667,74.59,110.1,121.1,116.6,104.1,99.3
2005/3/1,269.4318,81.50875,288.5227,214.6818,0.529752016,14002.3,960.51,1894.9,1610.67,442.15,1168.52,1727.25,83.9,53.19,6.67,57.9,15.1,8.27,99.00125034,13.9,4799.1,5.6,26.8,80.58868132,95.79095588,89.54666667,76.14,111,120.8,120.8,105.1,99
2005/4/1,259.0476,81.11268,282.0238,211.8095,0.364931285,14386.6,961.36,1804.6,1533.91,310.14,1223.78,1684.17,84.2,51.86,7.19,56.7,16,8.27,50.3678868,12.2,4663.3,5.78,29.8,81.63362637,95.48897059,89.92666667,77.69,111.2,120.6,123.4,105.1,99.5
2005/5/1,250.5556,80.72938,268.0556,210.4444,0.412679434,14989.1,961.36,1908.9,1622.57,376.07,1246.5,1780.63,84.4,48.58,6.64,52.9,16.6,8.27,105.3501677,12.8,4899.2,5.9,34.1,82.67857143,95.18698529,90.30666667,79.24,110.3,120.4,125.4,103.6,99.5
2005/6/1,246.9318,80.3333,255.2273,206.3636,0.388472319,15859.6,967.84,1962.6,1668.21,444.21,1224,1872.88,84.7,53.37,6.82,51.7,16.8,8.27,42.9722571,12.9,4935,5.2,28,83.72351648,94.885,90.68666667,80.79,108.3,120.3,120.2,103.6,99.5
2005/7/1,228.13,79.95,243.38,201.53,0.72350949,15175.6,983.96,1838.2,1562.47,318.99,1243.49,1750.33,84.4,57.4,7.54,51.1,16.1,8.27,35.5552118,12.7,4934.9,5.2,26.5,84.76846154,94.58301471,91.06666667,82.34,107.4,119,122.3,103.4,100.4
2005/8/1,204.4565,77.8696,229.4565,192.3043,0.394898683,15395.9,985.4995918,1861,1581.85,317.76,1264.1,1780.65,84.3,63.7,8.66,52.6,16,8.27,92.99913857,12.5,5040.8,5.3,28.9,85.81340659,94.28102941,91.44666667,83.89,105.5,118.3,128.1,102.7,100.1
2005/9/1,211.14,77.9773,220,193.9773,0.499459654,15764.1,991.8477959,1880.8,1598.68,337.02,1261.67,1806.29,84.7,63.27,11.39,55.1,16.5,8.27,68.26113608,12.7,5495.2,4.5,26.4,86.85835165,93.97904412,91.82666667,85.44,103.6,116.7,125.8,102.5,100.9
2005/10/1,228.38,81.5294,221.6176,211.3529,0.247055441,16354.8,998.196,2033,1728.05,390.79,1337.27,1950.92,83.2,58.54,13.54,54.1,16.1,8.27,32.7294774,12.8,5846.6,4,25.9,87.9032967,93.67705882,92.20666667,86.99,102.3,114.6,125.9,102.5,101.2
2005/11/1,241.25,85.6477,238.8636,220.7727,0.39037481,17043.1,1004.544204,2037.9,1732.22,417.59,1314.63,1947.53,83.7,55.72,10.31,54.1,16.6,8.08,86.7579808,12.4,5909,3.2,20.1,88.94824176,93.37507353,92.58666667,88.54,100.6,113.1,121.9,102.2,102
2005/12/1,252.2619,91,256.3095,242.8571,0.21323967,18002.4,1010.892408,2261.5,1922.28,557.65,1364.63,2136.17,84.6,56.4,12.72,54.3,16.5,8.08,57.22021085,12.5,6850.4,3.2,22.3,89.99318681,93.07308824,92.96666667,90.09,100.1,112.4,123.6,102.4,102.2
2006/1/1,253,98.3667,276.9667,260.2667,0.630963385,12923,1017.240612,1870.71,1590.1,289.17,1300.94,1776.94,84.8,62.64,8.74,52.1,20.1,8.07,83.60843849,15.5,6641.6,3.05,25.21,91.03813187,92.77110294,93.34666667,91.64,100.49,109.47,129.76,102.38,102.85
2006/2/1,253.5294,94.3529,293.2353,275.9412,0.471232533,13697.3,1023.588816,1828.4,1554.14,279.11,1275.03,1725.24,84.3,60.67,7.7,52.1,20.1,8.05,64.71510304,9.4,6001.9,3.01,25.24,92.08307692,92.46911765,93.72666667,93.19,99.95,107.16,131.51,101.9,102.99
2006/3/1,255.6522,92.2826,288.4783,272.6739,0.527977049,16621.8,1029.93702,2125.9,1807.02,342.81,1464.21,2018.43,84.7,61.87,6.88,55.3,17.8,8.03,84.22509569,13.5,5796.7,2.49,20.2,93.12802198,92.16713235,94.10666667,94.74,99.21,106.32,126.83,101.73,103.05
2006/4/1,257.25,87.73,285.75,263.88,0.538999081,17411.8,1036.285224,2171.8,1846.03,385.74,1460.3,2056.19,84.7,70.17,7.15,58.1,16.6,8.02,133.5047002,13.6,5774.6,1.87,12.05,94.17296703,91.86514706,94.48666667,96.29,98.68,104.87,120.89,102.03,102.85
2006/5/1,255,82.5263,281.9737,245.7368,0.568606913,17328.5,1042.633429,2340,1989,399.33,1589.67,2228.87,84.5,69.92,6.26,54.8,17.9,8.01,66.02269538,14.2,6175.6,2.43,12.88,95.21791209,91.56316176,94.86666667,97.84,99.13,105.04,120.54,102.54,103.02
2006/6/1,256.7727,81.3636,276.3182,232.0909,0.540965259,17966.7,1048.981633,2396.7,2037.2,459.86,1577.34,2270.65,84.8,68.59,6.2,54.1,19.5,8.01,110.9243461,13.9,6057.8,3.52,16.74,98.64,99,95.52,99.39,100.41,105.2,128.24,102.55,102.2
2006/7/1,252.0238,84.881,273.381,226.1905,0.743234634,16842.1,931.9588571,2389.5,2031.08,469.17,1561.91,2295.15,84.9,73.62,6,52.4,16.7,7.99,42.70708719,13.7,6012.2,3.58,15.95,99.4,96.47,95.08,100.94,100.88,106.25,124.76,102.37,101.67
2006/8/1,258.2609,119.2174,279.3478,288.8043,0.471165329,17437.4,939.2254286,2443.7,2077.15,512,1565.15,2279.29,86.1,74.39,7.36,53.1,15.7,7.97,36.35945227,13.8,6077.4,3.4,15.7,101.69,92.93,96.28,105.28,101.24,107.2,120.22,102.74,101.7
2006/9/1,322.381,166.98,385,406.1905,0.491728634,18127.5,946.492,2429.6,2065.16,491.33,1573.83,2275.57,85.6,62.9,5.14,57,16.1,7.94,71.51866428,13.9,6553.6,3.5,13.61,100.41,85.43,101.19,97.93,101.82,106.19,117.62,103.17,101.86
2006/10/1,381.3158,147.16,480.9211,401.8421,1.0864712,18654.6,960.51,2490.2,2116.67,489.88,1626.8,2358.14,85.1,57.93,5.75,54.7,14.7,7.9,74.12514591,14.3,6997.7,2.9,7.4,97.67,87.28,103.69,90.19,101.74,105,111.07,102.59,101.44
2006/11/1,412.6087,150.1087,476.3043,407.4348,0.428115994,18967.1,961.36,2554.4,2171.24,571.76,1599.48,2394.91,85.4,57.89,7.28,55.3,14.9,7.87,43.89590322,14.1,6821.7,2.78,1.9,97.41,83.13,109.12,87.63,102.22,103.36,105.76,102.65,101.36
2006/12/1,406.6667,146.5238,465,410.8333,0.412847012,20389.2,961.36,2736.2,2325.77,677.38,1648.4,2647.86,85.3,62.36,6.86,54.8,14.7,7.82,67.67838676,14.6,7499.2,3.1,2.73,102.27,82.31,110.92,93.87,102.48,103.31,106.38,102.44,101.22
2007/1/1,384.13,141.1,457.38,395.2,0.35824582,17479,967.84,2403.8,2043.23,421.84,1621.39,2273.74,85.3,53.52,6.36,55.1,12.6,7.79,80.17083733,12.7,7488.3,3.3,4.68,101.66,86.06,111.2,92.26,102.91,102.95,108.07,102.39,100.81
2007/2/1,360,121.0938,432.9688,353.7188,0.504950523,14203.2,983.96,2288.9,1945.57,413.99,1531.58,2206.81,85.3,56.81,7.98,53.1,12.6,7.75,64.65912111,16.9,7013.7,2.6,-1.25,100.44,91.19,113.46,89.4,102.55,103.65,101.61,102.55,100.77
2007/3/1,317.9545,93.7045,371.3636,258.8409,0.410570741,17775.9,996.52,2603.9,2213.32,500.3,1713.02,2451.27,85.6,61.8,7.15,56.1,17.6,7.74,70.07432251,15.3,6685.8,2.7,-1.41,102.44,89.25,115.86,94,102.66,103.82,100.41,102.43,100.44
2007/4/1,249.2105,69.9211,264.2105,194.5789,0.333311975,18846.6,1007.5,2646.4,2249.44,546.42,1703.03,2497.99,85.3,67.67,7.59,58.6,17.4,7.72,68.33133951,15.5,6672.5,2.9,0.46,105.92,92.49,117.94,99.2,102.96,104.28,101.43,102.51,100.86
2007/5/1,235.63,71.6875,243.13,179.125,0.324464619,19115.3,1102.82,2741,2329.85,550.33,1779.53,2579.63,85.5,67.04,7.64,55.7,18.1,7.68,47.7915243,15.9,7157.5,2.8,0.28,108.98,88.53,124.37,99.61,102.96,104.2,101.02,101.93,100.66
2007/6/1,245.3571,71.8214,252.5,175.8333,0.383566856,20239.7,1155.87,2889,2455.65,654.03,1801.62,2758.73,84.9,70.71,7.4,54.5,19.4,7.64,77.0894637,16,7026,2.49,-1.01,110.63,84.78,126.71,99.75,103.02,104.72,97.29,102.32,100.61
2007/7/1,245.3409,74.3068,251.0227,195.3182,0.375489593,19561,1159.1,2810.8,2389.18,603.94,1785.24,2713.11,84.2,76.84,6.2,53.3,18,7.58,136.7205776,16.4,6998.2,2.4,-0.12,115.21,84.75,128.96,104.34,102.95,104.72,97.61,103.03,100.68
2007/8/1,268.8043,88.1304,250.6522,217.4565,0.28565082,19397.1,1197.78,2795.8,2376.43,540.34,1836.09,2671.44,85.5,71.22,6.23,54,17.5,7.57,56.7362403,17.1,7116.6,2.6,1.4,118.88,85.1,145.62,107.21,102.73,104.72,98.63,103.11,100.64
2007/9/1,325.5,126.3,297.63,279.15,0.569319308,20355.1,1264.66,2890.4,2456.84,678.76,1778.09,2743.64,84.7,76.93,6.06,56.1,18.9,7.52,90.57120336,17,7668.4,2.7,1.19,119.97,88.65,168.75,106.97,102.97,105.38,98.09,103.45,100.63
2007/10/1,438.4211,220.8553,496.9737,425.1053,0.566377759,19877.3,1289.48,2854.3,2426.16,588.27,1837.89,2712.03,85,81.21,6.71,53.2,17.9,7.5,92.54259734,18.1,8263,3.2,5.43,123.26,93.02,173.97,112.63,103.57,106.59,102.07,103.78,100.34
2007/11/1,459.4318,262.9545,572.8409,522.33,0.455376148,21192.2,1337.72,2877.7,2446.05,650.32,1795.73,2760.35,86.5,92.21,7.08,55.4,17.3,7.42,108.4284754,18.8,8104.7,4.55,15.06,128.65,93.85,166.89,123.15,104.21,108.57,114.1,104.2,100.5
2007/12/1,444.5,240.6,560.25,526.05,0.49256295,21849.8,1488.47,2958.1,2514.39,686.22,1828.17,2860.74,86.3,90.86,7.1,55.3,17.4,7.36,93.8269296,20.2,9015.3,5.43,22.09,130.89,95.48,169.84,122.9,105.08,110.89,120.3,104.52,101.04
2008/1/1,406.3043,183.9565,487.5,385.2826,0.351882428,18735.7,1658.84,2673.06,2272.1,558.02,1714.08,2577.13,86.4,92.27,7.9,53,15.4,7.25,142.8052425,21.2,9077.3,6.1,20.46,133.82,98.65,165.48,126.69,106.52,116.69,117.99,104.85,101.37
2008/2/1,396.1765,173.3235,446.1765,334.7059,0.286068469,17000.8,1827.3,2571.3,2185.61,496.26,1689.35,2498.3,87.2,94.57,8.48,53.4,15.4,7.16,157.7542678,19.1,8354.7,6.62,25.25,136.21,99.9,168.74,124.7,106.86,120.55,120.91,105.62,101.04
2008/3/1,353.5714,134.0952,371.4286,269.4762,0.343717098,21128.7,1891.32,2904.3,2468.66,599.81,1868.85,2779.9,87.4,103.51,9.38,58.4,17.8,7.07,174.0117215,21.5,8123.2,7.95,28.99,138.73,96.91,184.18,125.1,108.06,127.5,122,106.02,101.72
2008/4/1,376.9048,112.1429,349.1667,233.4524,0.294527501,21333.7,2023.1,2961.8,2517.53,660.47,1857.06,2827.55,86.8,108.06,10.06,59.2,15.7,7,145.5144919,22,8142,8.12,27.18,139.21,94.69,175.57,127.59,109.03,125.2,122.13,106.41,101.73
2008/5/1,448.2143,128.4524,386.4286,239.6667,0.396885961,22700.2,2203.91,2993.6,2544.56,607.85,1936.71,2827.29,86.1,121.97,11.24,53.3,16,6.98,100.6835843,21.6,8703.5,8.22,25.86,144.8,99.4,174.55,140.58,109.72,128.96,120.08,106.01,101.73
2008/6/1,524.5238,138.1667,463.0952,286.2381,0.371868461,23935.7,2638,3119.8,2651.83,699.19,1952.64,2969.83,86.5,132.02,12.66,52,16,6.9,157.0119332,23,8642,8.84,29.32,148.75,104.91,175.5,149.41,111.04,133.03,122.15,106.66,101.82
2008/7/1,440.7955,139.8182,450.5682,279.1364,0.452458799,22028.8,2951,3007.4,2556.29,667.42,1888.88,2924.06,86.9,135.21,11.68,48.4,14.7,6.84,152.1179238,23.3,8628.8,10.03,34.14,153.28,105.67,175.37,160.27,111.64,139.09,131.78,107.08,101.98
2008/8/1,412.9762,141.7619,426.9048,275.9762,0.373719513,22214.2,2950.67,2966.8,2521.78,719.76,1802.03,2825.92,87,115.04,8.22,48.4,12.8,6.84,205.6284567,23.2,8767.7,10.06,35.09,145,102.6,169.56,146.28,111.7,145.19,131.19,107.32,101.7
2008/9/1,404.625,140.0941,388.13,267.675,0.384039581,22869.9,2610.25,2566.5,2181.53,491.78,1689.75,2429.22,87.8,98.3,7.72,51.2,11.4,6.83,298.387002,23.2,9446.5,9.13,30.1,136.74,96.37,153.53,135.68,110.71,145.99,125.89,107.83,101.48
2008/10/1,319.88,123.88,331.5476,267.4571,0.349890649,21927.6,2055.79,2194.1,1864.99,329.09,1535.9,2141.5,85,73.43,6.77,44.6,8.2,6.83,187.5682409,22,10082.7,6.59,22.66,118.58,81.12,120.13,114.99,107.18,142.36,119.09,106.07,101.51
2008/11/1,205.2368,69.575,213.2895,196.2105,0.300716311,22697.2,1331.12,2025.4,1721.59,213.37,1508.22,1992.98,86.4,52.3,6.68,38.8,5.4,6.83,194.2370385,20.8,9790.8,1.99,6.58,102.86,74.82,105.01,91.17,100.54,129.97,100.48,105.45,99.98
2008/12/1,170.0227,47.1087,163.1364,134.0909,0.290838599,21994,1394.17,2217.1,1884.54,254.23,1630.31,2194.86,85.9,40.4,5.81,41.2,5.7,6.86,232.7663926,19,10728.5,-1.14,-6.96,92.97,65.96,105.42,73.99,96.2,122.43,88.35,104.1,99.09
2009/1/1,173.88,42.8068,154.6563,103.88,0.248799205,17234.5,1642.89,2339.29,1988.4,247.38,1741.01,2331.35,85.8,42.13,5.3,45.3,11,6.84,223.546869,18.5,10756.6,-3.35,-13.18,92.59,74.32,107.09,69.71,93.74,118.08,79.19,102.34,98.25
2009/2/1,193.1842,45.7857,179.3421,124.9474,0.312123954,19656.5,1752.09,2423.8,2060.23,279.72,1780.52,2421.12,84.9,43.33,4.51,49,11,6.84,170.9781411,11.6,9323.8,-4.47,-17.41,94.32,76.31,102.92,73.43,93.06,114.68,73.12,101.47,97.07
2009/3/1,202.4286,40.0341,198.3571,122.2381,0.246339604,23342.7,1553.42,2597.4,2207.79,262.98,1944.81,2592.59,83.9,46.44,4,52.4,8.3,6.84,184.4957667,14.7,9317.6,-6,-19.9,93.94,75.29,94.31,74.47,92.08,109.05,72.94,100.77,97.01
2009/4/1,233.8571,47.6995,211.7381,132.1429,0.585598588,22980,1446.25,2473.7,2102.65,229.25,1873.4,2472.15,84.5,50.18,3.55,53.5,7.3,6.83,152.9133236,14.8,9343.2,-6.6,-21.47,97.62,80.06,92.66,79.74,91.48,103.92,74.77,99.82,96.71
2009/5/1,221.2368,50.7329,209.6842,126.5789,0.395569623,24841.1,1488.83,2767.4,2352.29,308.12,2044.17,2766.59,84.6,56.1,3.74,53.1,8.9,6.82,91.1647079,15.2,10028.4,-7.2,-21.8,98.28,80.63,93.52,83.34,91.2,100.4,75.6,99.3,96.7
2009/6/1,228.5909,58.8582,209.9545,149.8636,0.409851462,27908.5,1548.2,3172.3,2696.46,557.61,2138.85,3170.25,84.1,68.58,3.8,53.2,10.7,6.83,131.5288105,15,9941.6,-7.8,-23.5,104.74,81.65,95.78,94.06,89.4,95.1,77.9,98.3,96.7
2009/7/1,238.4565,62.9348,227.4783,160.7391,0.38972947,25781.8,1635.65,3188.2,2709.97,527.29,2182.68,3185.4,84.2,64.85,3.43,53.3,10.8,6.83,103.9319156,15.2,9936.5,-8.2,-23.8,105.66,82.79,100.48,92.34,88.6,89.2,77.7,96.9,96.7
2009/8/1,248.9737,76.5,229.9211,182.6316,0.380121648,26074.9,1700.9,3122.7,2654.3,435.21,2219.09,3121.27,85.3,72.68,3.18,54,12.3,6.83,92.43109317,15.4,10115.6,-7.86,-25.91,111.41,86.69,108.87,96.6,88.7,84.8,76.3,97.4,96.9
2009/9/1,260,91.575,234.5,216.8333,0.614590824,26316.4,1619.58,3151.4,2678.69,522.38,2156.31,3150.49,84.9,67.98,2.89,54.3,13.9,6.83,160.9516451,15.5,10912.8,-6.99,-20.32,110.8,84.49,102.09,96.17,89.2,84.9,83.6,96.4,97.2
2009/10/1,255.6071,86.8095,245.25,207.4881,0.426712185,27306.8,1562.35,3153.2,2680.22,462.67,2217.56,3149.02,85.1,71.87,3.93,55.2,16.1,6.83,75.79626366,16.2,11717.6,-5.85,-16.34,110.95,87.04,106.83,95.76,90.6,87.2,86.4,97.2,98.2
2009/11/1,301.2045,101.6667,256,198.1429,0.37357527,28894.1,1562.96,3131.2,2661.52,645.03,2016.5,3125.88,85.9,76.6,3.62,55.2,19.2,6.83,68.89027097,15.8,11339,-2.08,-4.08,115.04,91.78,111.32,101.7,95.8,94.7,99.3,97.9,99.8
2009/12/1,318.88,95.7727,282.5,207.4773,0.36607933,28062.3,1626.21,3267,2776.95,764.37,2012.58,3260.84,85.9,74.11,5.21,56.6,18.5,6.83,74.85823135,17.5,12610,1.7,17.58,118.37,98.37,117.1,103.35,100.9,99.4,120.8,98.7,101.8
2010/1/1,318.6053,96.3553,301.875,211.4,0.36600244,25610.1,1781.99,3031.1,2576.44,338.45,2237.99,3028.32,85.9,76.43,5.83,55.8,12.8,6.83,95.78208426,14,12718.1,4.32,31.43,121.75,101.87,129.48,105.3,104.2,106.7,134.9,99.6,104.2
2010/2/1,301.6413,94.1726,310.1316,209.0526,0.509739697,21298,1793.87,2860.1,2431.09,293.54,2137.55,2855.06,86.2,73.64,5.33,52,12.8,6.83,103.444367,22.1,12334.2,5.39,37.62,118.89,102.08,127.5,102.3,105.69,108.29,143.63,100.24,104.84
2010/3/1,271.45,90.3813,304.4565,214.3261,0.376730919,27980.8,1746.53,3183.2,2705.72,358.57,2347.16,3178.78,86.8,78.67,4.36,55.1,18.1,6.83,90.39569948,18,11321.7,5.91,30.25,121.52,102.61,140.17,105.29,107.01,108.08,138.28,101.84,105.99
2010/4/1,255.05,79.52,263.4524,204.5,0.562357605,26839.1,1794.76,3244.6,2757.91,434.88,2323.04,3221.17,86.7,84.14,4.01,55.7,17.8,6.83,46.7454309,18.5,11510.4,6.81,30.91,126.31,104.92,158.94,111.87,106.75,110.64,138.77,101.97,107.49
2010/5/1,244.2045,94.1,253.5238,227.1,0.648287177,28386.4,1815.36,3352.9,2849.97,498.13,2351.84,3306.99,86.8,75.95,4.14,53.9,16.5,6.83,156.548618,18.7,12455.1,7.13,31.14,121.15,99.48,147.32,106.03,106.85,110.96,138.84,102.48,108.38
2010/6/1,242.3864,94.8186,249.5909,233.08,0.371517032,28300,1736.67,3366,2861.1,621.63,2239.47,3312.82,86.4,74.6,4.8,52.1,13.7,6.82,130.0135016,18.3,12329.9,6.41,25.54,118.06,98.16,137.85,103.56,107.13,111.62,129.94,103.04,109.29
2010/7/1,267.0714,88.3219,245.3409,227.2168,0.218048811,29500,1642.09,3152.1,2679.29,538.28,2141.01,3094.81,86.4,75.39,4.64,51.2,13.4,6.78,70.8156741,17.9,12252.8,4.84,15.22,118.55,98.61,133.24,102.76,106.19,111.63,114.33,103.62,109.47
2010/8/1,285.7273,93.0741,249.5,230.63,0.326662421,29580,1629.17,3139.5,2668.58,470.73,2197.85,3120.07,87.1,77.17,4.37,51.7,13.9,6.79,104.1029861,18.4,12569.8,4.32,14.77,123.05,105.57,150.8,105.06,105.65,110.73,114.76,103.36,109.82
2010/9/1,316.4762,95.4605,265.2727,249.63,0.337600231,26826.3,1652.29,3192.9,2713.97,657.42,2056.55,3171.07,87,77.24,3.9,53.8,13.3,6.76,121.5974362,18.8,13536.5,4.33,10.43,125.26,111.86,149.22,106.79,105.73,110.44,109.13,103.82,110.42
2010/10/1,383.21,106.881,293.4762,266.13,0.282764524,24749.4,1672.06,3196.3,2716.86,610,2106.86,3174.14,87.3,82.09,3.5,54.7,13.1,6.68,74.11595836,18.6,14284.8,5.04,11.81,130.14,122.98,159.89,111.91,107.21,111.6,111.51,104.02,111.71
2010/11/1,365.28,116.6848,378.9048,281.6667,0.681317925,32088.9,1716.54,3265.9,2776.02,664.48,2111.54,3230.96,88.2,85.17,3.68,55.2,13.3,6.64,82.42306365,18.7,13910.9,6.06,14.58,135.38,135.56,167.42,116.52,109.61,114.91,112.87,105.35,115.92
2010/12/1,343.45,114.8278,377.913,276.4435,0.528720856,30000,1756.03,3420.3,2907.26,808.05,2099.21,3386.55,88.3,91.1,4.23,53.9,13.5,6.65,110.6732467,19.1,15329.5,5.93,12.58,138.96,139.47,169.1,121.91,109.34,114.71,109.77,105.12,117.87
2011/1/1,349.5333,108.08,346.75,257.68,0.467019051,31500,1830.35,3327,2827.95,480.62,2347.34,3308.11,88.1,96.47,4.5,52.9,14.9,6.6,172.6803987,19.9,15249,6.6,13.7,143.28,154.05,172.1,126.76,109,111.1,113.8,105.9,119.8
2011/2/1,341.2174,103.34,343.0333,261.54,0.398406386,31700,1907.15,3222.5,2739.13,466.04,2273.09,3198.43,89,102.98,4.11,52.2,14.9,6.59,46.08257954,11.6,13769.1,7.23,14.26,146.66,160.89,178.49,130.22,109.3,110.2,114.5,106,121.2
2011/3/1,338.0952,107.4348,340.1739,271.3652,0.529030085,31600,1881.02,3488,2964.8,501.19,2463.62,3411.26,88.9,114.26,3.91,53.4,14.8,6.57,131.2483652,17.4,13588,7.31,16.83,150.19,152.61,170.86,138.65,109.5,110.3,119.1,106.3,121.7
2011/4/1,357.0455,106.3452,334.8095,255.9762,0.268345922,32300,1836.42,3502.9,2977.47,504.04,2473.43,3455.31,87.8,122.25,4.25,52.9,13.4,6.53,153.0111443,17.1,13649,6.82,17.43,154.95,153.14,174.7,147.78,109.6,109.7,121.2,105.9,119.9
2011/5/1,348.9524,107.4386,341.1818,254.4,0.207076296,31800,1830.03,3664.4,3114.74,658.96,2455.79,3620.39,87.1,114.88,4.3,52,13.3,6.5,26.14408675,16.9,14696.8,6.79,17.1,152.89,149.54,169.14,143.94,109.3,109,120.9,105.3,117.7
2011/6/1,358.62,110.0357,341.8571,258,0.363662541,33000,1834.27,3797.5,3227.88,758.05,2469.83,3766.23,86.9,115.05,4.59,50.9,15.1,6.48,39.59001272,17.7,14565.1,7.12,16.74,154.34,155.53,168,142.76,109.7,109,121.8,105.2,114.9
2011/7/1,376.26,112.119,356.7857,258.1905,0.269174039,32100,1836.62,3720.7,3162.6,684.81,2477.79,3704,88.1,115.39,4.4,50.7,14,6.46,207.3971809,17.2,14408,7.54,18.09,158.28,158.41,171.76,145.55,110.53,109.7,122.85,105.35,112.83
2011/8/1,402.9545,119.163,361.4348,266.287,0.299771428,25000,1848.32,3785.2,3217.42,789.85,2427.57,3762.31,88.4,109.64,4.08,50.9,13.5,6.41,186.7314804,17,14705,7.25,18.75,157.8,158.08,175.16,143.61,110.52,110.75,122.77,105.49,110.73
2011/9/1,409.06,119.8886,391.0682,266.0682,0.280539781,28700,1866.86,3708.2,3151.97,808.19,2343.78,3695.75,89,113.19,3.9,51.2,13.8,6.39,158.0556294,17.7,15865.1,6.52,17.16,157.02,153.08,174.53,142.9,109.81,110.4,120.85,105.31,109.15
2011/10/1,379.2857,114.54,401.18,264.49,0.372256368,31500,1860.8,3573.9,3037.82,742.68,2295.14,3565.8,87.8,109.61,3.56,50.4,13.2,6.38,238.7096016,17.2,16546.4,5,15.12,153.53,142.24,159.57,142.03,107.3,110.43,118.45,104.41,106.05
2011/11/1,360.5,112.77,386,265.4429,0.590642214,32000,1824.48,3343.8,2842.23,777.14,2065.1,3338.03,88.8,110.48,3.23,49,12.4,6.35,363.5231097,17.3,16128.9,2.72,10.6,155.07,136.55,149.57,149.14,102.94,108.62,112.45,103.58,99.9
2011/12/1,366.9412,114.31,362.5,271.6023,0.551498532,34400,1817.07,3487.8,2964.63,804.23,2160.41,3477.71,90,108.31,3.18,50.3,12.8,6.35,324.4626311,18.1,17739.7,1.69,9.42,153.54,138.88,149.33,147.64,101.2,106.82,112.55,102.97,98.02
2012/1/1,374.0857,116,361.8235,278.6464,0.560921252,34700,1819.74,3462.8,2943.38,501.46,2441.93,3456.01,89.6,110.56,2.68,50.5,11.4,6.32,298.7026441,13.1,17222.1,0.73,6.12,155.76,140.88,148.05,152.17,100.44,105.41,108.44,102.14,96.97
2012/2/1,378.4,113.11,374.7619,283.5952,0.818891644,34000,1808.93,3430.4,2915.84,512.12,2403.72,3422.56,90.7,117.75,2.53,51,11.4,6.3,236.0895262,16.4,16446.5,0.03,4.7,157.71,146.23,150.02,155.7,99.3268,104.3557,108.3927,102.0679,95.5495
2012/3/1,385.55,113.8222,379.2609,290.7239,0.624180973,32200,1777.77,3857.4,3278.79,690.8,2588,3847.21,90.8,125.3,2.21,53.1,11.9,6.31,242.7279939,15.2,15650.2,-0.3,3.69,159.79,147.91,149.35,161.43,98.3426,102.9873,108.8883,101.3459,93.9382
2012/4/1,403.42,116.2925,385.4,302.0975,0.800607085,31900,1772.1,3763.3,3198.81,643.89,2554.92,3759.24,90.7,120.13,1.94,53.3,9.3,6.3,155.8289312,14.1,15603.1,-0.7,2.2,158.65,148.1,147.89,160.16,97.6477,102.6598,107.2664,101.0043,93.7589
2012/5/1,375.4571,118.9043,405.8696,315.4957,0.48049134,31600,1744.89,3847.3,3270.21,689.86,2580.35,3833.2,91.2,111.61,2.42,50.4,9.6,6.32,216.2519562,13.8,16714.8,-1.4,-1.5,154.34,138.13,144,153.51,97.0934,100.6904,102.5269,100.6454,94.2012
2012/6/1,363.6818,113.62,378.9048,298.9476,0.478808969,32980,1691.54,3968.2,3372.97,865.8,2507.18,3952.87,91.1,96.86,2.44,50.2,9.5,6.36,304.5527404,13.7,16584.9,-2.1,-2.9,146.28,128.44,140.34,139.12,95.9936,99.2074,98.8517,100.4247,94.5576
2012/7/1,363.3239,108.1909,361.2273,287.6705,0.489044636,31000,1584.17,3735.2,3174.92,640.48,2534.45,3724.22,90.6,102.12,2.93,50.1,9.2,6.37,301.5229164,13.1,16314.9,-2.9,-6.2,143.6,130.91,139.26,134.61,95.2411,96.1295,94.3886,100.092,94.8255
2012/8/1,357.71,108.663,361.6522,285.5109,0.302690595,29000,1364,3579.7,3042.75,624.27,2418.48,3574.36,91.3,112.79,2.86,49.2,8.9,6.36,215.3175342,13.2,16658.9,-3.5,-8.3,143.34,120.29,134.95,136.48,95.0262,92.2906,94.5341,99.6894,96.0278
2012/9/1,362.7105,111.71,359.15,294.88,0.366488308,29500,1220.46,3526.9,2997.87,617.55,2380.32,3515.64,90.9,112.92,2.85,49.8,9.2,6.32,161.9789961,14.2,18226.6,-3.6,-7.8,142.84,123.28,129.2,133.62,95.0057,88.9863,99.3871,99.595,96.4234
2012/10/1,359.6886,121.4395,362,320,0.341939986,29500,1277.46,3684.9,3132.17,702.98,2429.19,3681.4,90.4,112.04,3.3,50.2,9.6,6.26,300.7020736,14.5,18933.8,-2.8,-6.4,144.28,126.18,134.99,134.35,95.5208,86.9141,102.9348,100.0484,96.6124
2012/11/1,357.8857,127.5568,361.2955,332.0841,0.305148482,29500,1413.84,3696.1,3141.69,828.28,2313.41,3693.6,91.5,109.19,3.53,50.6,10.1,6.23,306.3358361,14.9,18476.7,-2.2,-5.3,144.85,117.3,133.37,137.3,96.5499,87.1459,103.3839,99.9384,97.3967
2012/12/1,355.125,123.8711,356.4286,331.5333,0.306772292,30000,1491.47,3610.2,3068.67,778.49,2290.19,3607.84,91.6,109.38,3.34,50.6,10.3,6.23,192.768392,15.2,20334.2,-1.9,-6.1,144.82,112.62,133.35,135.6,97.161,88.2775,100.8535,100.2055,97.947
2013/1/1,368.7571,122.97,355.0909,319.2955,0.341271877,30000,1556.19,4152.19,3529.36,590.02,2939.34,4147.87,91.1,112.27,3.36,50.4,9.9,6.22,208.5545313,12.3,18987.7,-1.6,-5,148.36,113.71,141.75,138.75,97.5549,88.854,101.4104,100.4031,98.5326
2013/2/1,368.9167,129.78,367.4286,333.5036,0.46575883,30559.2,1582.93,3208.51,2727.23,455.93,2271.3,3196.06,90.4,116.53,3.28,50.1,9.9,6.23,162.256029,12.6,17641.2,-1.6,-5.2,150.62,114.18,145.29,142.07,97.6172,89.1394,100.0773,100.1099,98.3858
2013/3/1,365.0727,134.7381,366.8571,340.36,0.411318332,29801.7,1475.7,4050,3442.5,669.51,2772.99,4039.72,91,109.2,3.77,50.9,8.9,6.22,83.76906949,12.8,17600.3,-1.9,-5.6,145.59,106.18,142.09,135.68,97.4383,89.1752,98.0882,100.2132,98.6873
2013/4/1,365.1565,140.2477,366.5909,347.6723,0.64764899,30938.5,1323.64,3947.8,3355.63,626.29,2729.34,3922.83,90.9,102.25,4.15,50.6,9.3,6.19,147.953175,12.9,18886.3,-2.6,-8.2,139.92,92.13,139.05,128.74,97.0059,87.6107,92.4194,100.0236,99.1168
2013/5/1,361.1,141.7778,373.7826,353.298,0.274190068,32671.9,1269.31,4032.7,3427.8,676.86,2750.94,3991.01,91.5,102.48,4.07,50.8,9.2,6.14,82.95887237,13.3,18826.7,-2.9,-9,137.84,90.47,134.02,126.51,96.9328,86.4143,91.239,100.0153,99.1103
2013/6/1,361.0696,139.6005,379.8,341.63,0.414779872,30665.9,1201.16,4104.7,3489,863.74,2625.26,4050.78,91.4,102.92,3.83,50.1,8.9,6.14,40.40321298,13.2,18513.2,-2.7,-8.5,137.66,84.26,129.17,127.5,97.6467,85.7028,94.6495,99.7709,99.5195
2013/7/1,379.52,139.687,385.1957,362.46,0.26704368,30862.9,1141.61,3912.5,3325.63,624.59,2701.04,3859.44,91.2,107.86,3.64,50.3,9.7,6.13,115.4674727,13.4,18886.2,-2.3,-6,138.29,78.59,131.42,127.79,97.8924,86.1372,100.183,99.6196,100.0402
2013/8/1,397.24,138.7118,386.3636,364.27,0.271666348,31268.1,1168.82,3920,3332,635.56,2696.45,3883.07,92.3,110.87,3.43,51,10.4,6.12,139.7595417,13.3,20653.3,-1.6,-4.2,139.7,84.67,134.5,127.51,97.861,87.9444,101.461,99.6633,100.2913
2013/9/1,426.5652,142.2714,399.7143,369.81,0.369429708,31694.6,1217.85,4029.2,3424.82,768.11,2656.71,3998.48,92.2,112,3.63,51.1,10.2,6.12,69.79079739,13.3,21491.3,-1.3,-4,141.64,89.67,133.95,131.08,97.8841,90.8596,99.3157,99.5317,100.2585
2013/10/1,474.6381,149.8935,432,376.0652,0.339976132,32022.9,1238.11,4026.3,3422.36,778.43,2643.93,3974.84,91.4,109.22,3.69,51.4,10.3,6.1,97.59776311,13.7,21011.9,-1.5,-4.1,139.88,90.61,134.02,126.97,97.9815,92.5482,97.1275,99.4616,100.5014
2013/11/1,535.2545,160.8533,489.8095,394.28,0.499905318,31658.9,1265.83,3939.8,3348.83,968.47,2380.37,3871.44,91.8,107.98,3.64,51.4,10,6.09,81.02541356,13.6,23059.7,-1.4,-4.2,139.69,86.78,136.03,127.05,98.3488,92.2444,97.1679,99.6303,100.458
2013/12/1,521.9783,163.5764,532.2273,391.0045,0.358034968,29379.8,1289.66,3981.4,3384.19,921.7,2462.49,3906.19,92,110.85,4.24,51,9.7,6.08,137.2324553,12.2,19800.6,-1.4,-4,141.86,85.63,137.9,131.67,98.7405,91.6464,99.2253,99.6315,100.3132
2014/1/1,502,161.63,529.74,391.7239,0.274941087,26803.2,1253.07,3772.6,3206.71,243.82,2962.89,3699.1,92.2,108.36,4.69,50.5,8.6,6.05,103.444367,11.9,19701.2,-1.6,-4,141.08,80.41,136.37,132.63,98.4196,90.8817,99.4801,99.6514,100.0281
2014/2/1,398.5714,165.24,506.05,393.59,0.294483602,26375.1,1165.76,3803.4,3232.89,943.38,2289.51,3748.16,92.1,108.89,6,50.2,8.6,6.08,66.52954518,12.5,21249.8,-2,-5.3,138.07,77.19,134.9,129.14,98.0633,89.7197,97.4365,99.8557,99.8903
2014/3/1,347,157.4548,420.95,382.72,0.606511652,27754.3,1039.89,3831.5,3256.78,487.25,2769.53,3766.04,92.9,107.56,4.93,50.3,8.8,6.17,134.9426201,12.4,21166.4,-2.3,-6.7,135.66,72.62,130.34,128.66,97.7741,88.1531,96.3108,100.1215,99.5973
2014/4/1,355.7727,143.71,374.9545,343.39,0.425917894,27000.7,961.36,3845.7,3268.85,560.93,2707.92,3799.08,91.6,107.55,4.63,50.4,8.7,6.22,84.26825705,12.2,20775.8,-2,-6.1,134.01,72.95,127.8,125.47,98.139,87.2135,98.5781,100.2964,99.2783
2014/5/1,334.9048,125.32,359.9545,300.7614,0.455315143,27808.9,966.64,3918.7,3330.9,562.59,2768.31,3819.03,92.6,109.5,4.6,50.8,8.8,6.24,80.7627704,11.9,21133.9,-1.4,-4.9,134.45,73.39,124.35,125.11,98.4562,87.9531,101.9049,100.5332,99.4298
2014/6/1,337.1739,110.7352,347.0952,272.8143,0.222081214,27696.4,963.85,4109.5,3493.08,792.76,2700.32,4057.56,92.5,111.83,4.6,51,9.2,6.23,102.2316546,11.6,23042.4,-1.1,-4,135.14,73.81,117.52,127.19,98.773,88.8331,103.2973,100.5533,99.4423
2014/7/1,348,111.19,344.0435,269.7783,0.568761289,28185.2,942.53,4024.3,3420.66,732,2688.66,3973.95,93.4,107.19,4.14,51.7,9,6.2,127.4802911,11.5,23967.2,-0.9,-3.4,132.81,73.2,116.09,121.52,99.2777,89.8408,103.9068,100.9889,99.5208
2014/8/1,357.9091,115.58,349.2857,279.25,0.397252351,30800.7,932.49,3992.4,3393.54,678.83,2714.72,3926.29,93.1,102.35,3.89,51.1,6.9,6.16,151.0019071,11.7,23474.7,-1.2,-4.4,130.26,71.92,117.08,114.54,99.4047,90.1356,100.6615,100.8091,99.1989
2014/9/1,357.8261,127.1705,357.1364,312.0864,0.445568413,31097.7,931.55,4012.2,3410.37,760.32,2650.05,3943.2,93.5,97.48,3.92,51.1,8,6.14,185.7618987,11.9,25801.3,-1.8,-6.7,127.77,66.4,112.79,111.55,99.1591,89.147,96.2088,100.5389,98.9524
2014/10/1,325.25,128.7217,360.6957,326.0696,0.235723525,29976.3,928.95,4064.8,3455.08,889.5,2565.59,3982.84,94.3,88.05,3.8,50.8,7.7,6.13,240.4953153,10.2,22722.8,-2.2,-8.9,123.28,65.15,111.27,104.76,98.4731,88.3771,93.3737,100.4218,98.5056
2014/11/1,296,120.23,344.5,314.25,0.374200284,29453,928.16,3966.3,3371.36,975.83,2395.53,3871.81,94.7,79.34,4.12,50.3,7.2,6.12,112.7389804,10,22386.7,-2.7,-10.7,120.07,64.3,109.73,99.89,97.6269,87.9768,89.6727,100.1952,98.1355
2014/12/1,234.1818,117.17,321.4211,298.35,0.252558231,29777.9,926.79,4097.2,3482.62,924.15,2558.48,3995.5,94,63.07,3.51,50.1,7.9,6.2,93.96096041,10.1,24194.8,-3.3,-13.2,112.55,60.87,103.96,87.92,96.3694,87.3427,83.8716,100.3045,97.8413
2015/1/1,248.25,103.68,275,280.68,0.28898102,30835.3,923.5,3824.9,3251.17,299.28,2951.88,3718.13,94.6,49.06,3.01,49.8,6.8,6.21,232.2151038,10.6,24280.3,-4.3,-17.5,103.56,60.88,98.05,75.39,95.1677,86.5626,75.1724,100.2237,97.4055
2015/2/1,296,105.39,271.7,291.1,0.323846012,29438.1,898.93,3592.1,3053.29,572.17,2481.12,3535.79,94.1,58.1,2.88,49.9,6.8,6.26,117.6836725,10.5,24338.8,-4.8,-20.1,106.14,60.35,96.86,81.77,94.7785,86.6447,71.7242,100.1478,97.1169
2015/3/1,323.5238,106.6023,299.3636,311.3636,0.399555147,29076.9,862.88,3798.9,3229.07,517.95,2711.12,3730.44,94.8,56.09,2.85,50.1,5.6,6.24,82.0932938,10.8,24893.4,-4.6,-19.6,103.36,59.63,91.14,77.85,95.2599,86.9075,74.6245,99.6729,97.0121
2015/4/1,325.7143,114.92,321.5909,319.9286,0.501636684,29811.9,797.81,3743.2,3181.72,504.85,2676.87,3672.5,96,58,2.63,50.1,5.9,6.19,105.3183591,10.9,25270.6,-4.6,-19.6,105.1,59.99,91.32,80.22,95.6872,87.2476,74.4732,99.5481,97.111
2015/5/1,313.0455,111.52,325.5714,317.7852,0.295010477,28354.3,772.8,3768.8,3203.48,460.19,2743.29,3645.84,96.5,63.98,2.8,50.2,6.1,6.2,127.5528055,11,28278.9,-4.6,-19.2,106.73,64.74,100.15,81.44,96.1749,86.3416,77.403,99.3817,97.2456
2015/6/1,296.087,111.58,322.5455,309.0045,0.320457309,29997.5,765.63,3837.9,3262.22,605.46,2656.76,3788.15,96.1,61.66,2.78,50.2,6.8,6.2,123.3431419,11.2,27937.3,-4.8,-18.5,104.14,62.75,101.55,78.52,96.0495,85.2034,78.2272,99.4625,97.1297
2015/7/1,252.5714,105.14,310.4348,293.7391,0.72730422,31487.2,746.2,3756.7,3193.2,613.57,2579.63,3683.23,96.9,56.81,2.83,50,6,6.21,268.7092055,11.1,28634.6,-5.4,-19.4,99.59,57.68,90.05,72.86,95.4783,85.316,75.9147,99.0898,96.9564
2015/8/1,232.16,89.09,286.1905,277.5071,0.442936569,29021.8,721.09,3734.9,3174.67,582.4,2592.27,3670.7,97.1,46.52,2.78,49.7,6.1,6.35,224.0585852,10.5,25114.1,-5.9,-20.9,95.53,50.56,92.62,64.56,94.4575,84.8249,72.4644,99.0849,96.9258
2015/9/1,234.81,84.36,256.6818,253.51,0.417609185,29329.7,694.15,3672.6,3121.71,575.03,2546.69,3606.08,97,47.74,2.68,49.8,5.7,6.36,393.234133,10.1,24645.8,-5.9,-21.2,95.07,49.71,91.79,64.57,93.9188,84.7394,71.7321,99.3785,97.0327
2015/10/1,238.7619,87.05,255.0476,241.37,0.275739014,29699,675.39,3717.4,3159.79,625.75,2534.04,3640.14,96.7,48.25,2.37,49.8,5.6,6.39,244.8679574,10,26610.7,-5.9,-20.8,93.59,49.21,88.36,64.48,93.9282,84.2554,73.6823,99.5317,97.2837
2015/11/1,214.7727,81.9095,255.619,228.8857,0.488584489,29801.7,658.21,3666.1,3116.19,700.99,2415.2,3582.12,97,44.29,2.09,49.6,6.2,6.37,104.7490707,10.6,26857.4,-5.9,-19.9,88.44,45.92,79.95,59.85,94.2,83.2,76.3,99.5,97.4
2015/12/1,205.8095,66.5091,244.67,214.4091,0.467243761,28150.4,634.14,3517.8,2990.13,590.24,2399.9,3373,97.5,38.54,1.87,49.7,5.9,6.45,151.6144909,10.2,26827.4,-5.9,-19.7,84.53,46.52,71.43,54.71,94.7,82.6,77.9,99.4,97.4
2016/1/1,212,47.0952,212.1,185.9238,0.695216894,29660.2,621.84,3605.3,3064.51,355.55,2708.96,3493.08,97.2,31.87,2.28,49.4,5.4,6.57,261.9420837,10.6,27539.6,-5.3,-19.8,81.48,45.89,71.86,48.81,95.4,81.8,82.3,98.7,96.8
2016/2/1,223.4348,42.5952,210.5238,150.119,0.499070346,30601.3,618.31,3624.8,3081.08,452.18,2628.9,3556.22,96.6,31.98,2.01,49,5.4,6.55,269.0191783,10.7,27976.4,-4.9,-18.2,83.93,46.19,76.86,50.67,95.6,81.9,82.7,99.2,97
2016/3/1,226.67,47.837,220.2174,162.7174,0.511520505,30513.1,633.35,3781.3,3214.11,484.9,2729.21,3724.19,96.5,38.32,1.7,50.2,6.8,6.51,323.1558323,10,31119.2,-4.3,-16.3,91.41,51.78,86.53,57.55,96,83.1,79.8,100.3,97.2
2016/4/1,230.86,61.01,225,177.5714,0.362504065,31541.5,717.54,3853.9,3275.82,587.34,2688.48,3778.35,96.1,40.87,1.91,50.1,6,6.48,286.1773401,10.8,30958.5,-3.4,-13,96.52,55.17,92.47,61.16,96.2,85.4,82.4,100.1,97.2
2016/5/1,228.0455,62.89,227.5909,200.9545,0.446123719,32038.3,947.99,3731.1,3171.44,570.12,2601.32,3621.1,96.1,46.62,1.92,50.1,6,6.53,260.2574652,10.9,31757,-2.8,-9.6,102.21,53.92,88.23,70.54,95.9,90.5,82.9,100.6,97.1
2016/6/1,224,65.2273,226.9545,202.9318,0.302072018,29835.3,917.64,3912.7,3325.8,617.11,2708.69,3809.17,95.4,48.6,2.46,50,6.2,6.58,357.2088125,10.9,27863.7,-2.6,-8.2,101.19,50.01,85.51,70.33,96,94.3,85.5,100.6,97.4
2016/7/1,223.5217,63.6429,224.0476,199.7381,0.378136814,29429,871.64,3928.6,3339.31,670.05,2669.27,3866.95,96.1,45.27,2.83,49.9,6,6.67,558.222136,10.7,27278.5,-1.7,-5.6,100.59,50.36,92.46,67.2,96.5,95.8,88.3,102.1,98.4
2016/8/1,232.3636,63.2826,223.2609,196.3043,0.289435595,31239.4,1012.29,3992.8,3393.88,749.73,2644.16,3905.8,97.5,45.44,2.8,50.4,6.3,6.64,288.7802087,10.7,29459.2,-0.8,-3.2,104.77,49.23,97.2,72.96,97.5,99.2,90.7,102.5,99
2016/9/1,255.45,75.88,231.3636,210.1136,0.584795296,33335,1277.43,3876.6,3295.11,719.85,2575.26,3783.44,96.8,46.8,2.99,50.4,6.1,6.67,388.7495906,11,29807.6,0.1,2.1,108.46,50.19,95.22,78.73,98.5,106.2,96.2,101.8,99.4
2016/10/1,284.0909,81.5375,252.05,214.58,0.265043676,32222.7,1527.59,3805.7,3234.85,648.74,2586.11,3715.28,97.3,49.69,2.99,51.2,6.1,6.73,261.8988928,10.4,29609.8,1.2,7.9,113.19,58.77,99.77,85.29,99.8,117.8,99,101.4,99.9
2016/11/1,337.8182,93.125,283.5,251.4727,0.476898611,31602,1933.3,3764.3,3199.66,409.7,2789.96,3724.64,98.1,44.55,2.48,51.7,6.2,6.83,475.6709186,10.1,30329.7,3.3,14.8,117.53,64.55,117.49,85.49,101.6,132.3,101.9,102,100.7
2016/12/1,338.2,101.7955,323.25,307.1818,0.585046411,32414.1,2038.99,3832.3,3257.46,441.49,2815.97,3757.95,98.8,52.53,3.53,51.4,6,6.92,646.9109892,10.3,30870.3,5.5,21.1,127.13,75.6,128.18,97.64,104,138.9,109.6,102,101.6
2017/1/1,366.1667,105.3833,345.55,325.5667,0.643233359,32486.8,1887.92,3720.1,3162.09,384.1,2777.99,3655.27,97.9,54.55,3.33,51.3,6.3,6.88,694.8494131,10,34240.9,6.9,31,127.71,89.17,128.93,98.25,105.8,143.4,122.2,102.5,102.5
2017/2/1,333.5909,121.5278,368.5,391.81,0.721445084,33405.7,1709.32,3816.3,3243.86,468.35,2775.51,3745.93,96.3,54.97,2.91,51.6,6.3,6.87,464.5228159,10.2,34108.2,7.8,36.1,128.49,98.58,136.64,97.42,107.7,144.9,130.5,102.3,103.1
2017/3/1,289.3684,118.8409,350.8636,373.76,0.629686594,33174.2,1675.59,3728.1,3168.89,375.56,2793.33,3656.3,97.1,51.78,2.88,51.8,7.6,6.9,533.3043943,9.4,34734.1,7.6,33.7,125.63,88.6,137.6,93.03,107.5,144.4,128.3,101.9,103.5
2017/4/1,266.8261,93.3421,307.1,305.8333,1.077020049,33726,1833.63,3691.3,3137.61,320.25,2817.36,3645.13,96.4,52.45,3.11,51.2,6.5,6.89,322.3442537,9.7,32145.3,6.4,28.3,123.73,71.38,118.26,94.88,106.2,145.6,122.2,102.5,103.8
2017/5/1,267.7727,89.9565,279.5652,277.59,0.690495551,32212.1,1762.6,3644.5,3097.83,415.87,2681.96,3597.76,96.1,50.26,3.16,51.2,6.5,6.89,451.9784974,10.1,29193.6,5.5,22.7,121.25,64.04,107.66,91.9,105.4,141,116.1,102.2,103.7
2017/6/1,280.6667,86.6364,271.1364,265.9545,0.541795671,31884,1621.66,3478.6,2956.81,256.14,2700.68,3445.08,97,46.9,2.99,51.7,7.6,6.8,328.5536,9.4,28541.9,5.5,18.3,118.43,57.29,105.69,87.45,105.3,135.9,109,102.9,103.7
2017/7/1,293.6087,87.9762,279.2857,258.33,0.906056285,33427.6,1694.43,3446.6,2929.61,459.88,2469.74,3349.74,97.7,48.3,2.99,51.4,6.4,6.77,162.6932861,8.5,30359.1,5.5,15.8,122.02,55.79,116.63,90.42,105.4,135.6,104,102.7,103.2
2017/8/1,345.7619,91.3913,294.1304,259.83,1.255073667,31794.1,1886.47,3509.1,2982.74,520.2,2462.54,3405.1,98.5,51.65,2.89,51.7,6,6.68,265.2581029,9,30841.6,6.3,18.2,127.24,55.35,128.7,94.12,106,135.8,110.4,104.4,102.7
2017/9/1,337.1364,97.2143,344.6667,266.2143,1.218355179,32580.9,2188.69,3557.4,3023.79,303.32,2720.48,3472.22,97.6,55.49,2.97,52.4,6.6,6.57,314.001226,8.8,30733.7,6.9,17.2,131.76,57.12,127.31,99.86,107,132.9,109.8,106.4,103
2017/10/1,358.3182,91.4318,342.6364,253.6136,0.604658723,33107.3,2049.57,3672.1,3121.29,281.52,2839.77,3590.89,97.7,57.16,2.88,51.6,6.2,6.62,291.5835857,9,31542.3,6.9,14.7,133.72,52.66,118.12,104.03,107.5,123.7,110.9,107.1,102.9
2017/11/1,403.15,98.3409,352.5909,280.2045,0.753240168,33662.8,1705.3,3648.4,3101.14,91.27,3009.87,3564.87,98,62.38,3.01,51.8,6.1,6.62,268.0438566,9.2,32005.4,5.8,10.8,135.42,52.42,119.95,108.03,107.2,110.1,113.6,106.2,102.5
2017/12/1,406,116.85,402.45,320,0.731060982,34727.3,2021.92,3613.2,3071.22,106.67,2964.56,3518.96,98.5,64.26,2.85,51.6,6.2,6.59,269.3547532,8.6,35534.4,4.9,9.1,138.21,52.5,123.72,111,106.4,106.9,112.7,106.2,102.4
2018/1/1,381.75,128.2381,425.1364,356.36,0.685466349,35189.3,2175.25,3551,3018.35,-19.83,3038.18,3469.87,97.6,69.12,3.77,51.3,7.2,6.44,122.9374079,8.1,35259.7,4.3,6.8,140.85,53.15,126.93,116.52,105.8,106.8,109.2,106.2,102.1
2018/2/1,371.1429,120.45,394.85,331.55,0.292941511,34076.2,1945.02,3670.1,3119.59,120.11,2999.48,3591.55,98.1,65.43,2.8,50.3,7.2,6.33,211.7801747,8.2,35893.5,3.7,6.4,139.65,52.5,125.35,116.12,104.5,107,108.8,106,101.7
2018/3/1,378.2619,118.7738,378.4091,316.3095,0.945740163,32221.7,1932.48,3655.4,3107.09,120.13,2986.97,3602.98,98.1,66.28,2.68,51.5,6,6.32,245.5517214,8.7,31725.7,3.1,5,137.55,49.54,120.92,116.29,103.9,107.8,106.4,105.7,101.7
2018/4/1,407.4348,118.4286,390.7143,317.45,1.105688214,32628.9,1748.96,3660.8,3111.68,63.56,3048.12,3578.24,98.5,71.76,2.8,51.4,7,6.3,291.3069803,7.2,30586.1,3.4,6.1,138.12,45.3,117.98,120.44,104.5,105.4,110.5,104.9,101.7
2018/5/1,400.5,119.337,413.2609,329.3,1.521136284,32318.6,1835.52,3541.1,3009.94,142.27,2867.67,3454.92,98.4,77.02,2.79,51.9,6.8,6.37,374.1038239,8.6,32955.7,4.1,8.1,140.91,45.32,118.79,125.93,105.5,104.9,116.1,104.6,102
2018/6/1,391.9545,120.3095,413.619,379.21,1.168890119,31417.4,2172.05,3807.1,3236.04,391.99,2844.05,3697.41,98.7,74.64,2.95,51.5,6,6.46,465.4168369,9.8,33878.1,4.7,11.5,143.18,43.72,119.69,129.17,106,108.8,121,103.7,102.3
2018/7/1,396.8913,114.131,399.8636,348.0682,1.024633884,33524,2145.09,3809.7,3238.25,261.41,2976.84,3751.87,99.7,74.22,2.84,51.2,6,6.71,561.0261386,7.6,33073.3,4.6,13.4,140.75,44.07,115.16,125.76,105.9,109.5,126.9,102.7,102.5
2018/8/1,402.5,115.3043,405.5652,353.02,0.962959647,33409.8,2225.22,3898.7,3313.9,171.37,3142.53,3842.28,100.3,72.69,2.95,51.3,6.1,6.85,502.7537302,7.5,33896.3,4.1,12.1,141.7,46.43,116.15,123.77,105.9,108,125.2,100.9,103.2
2018/9/1,418.4783,119.7125,405.85,369.8,0.772784531,35708.9,2488.08,4016.3,3413.86,165.31,3248.55,3928.6,101,78.89,2.99,50.8,5.8,6.85,516.4866225,7.8,34494.9,3.6,11.7,146.26,47.92,118.56,130.31,105.4,105.9,127.2,99.6,103.4
2018/10/1,332.1364,125.5,421.7826,366.4565,1.038062334,37084.4,2404.36,4168.9,3543.57,387.31,3156.26,4132.18,100.9,81.78,3.28,50.2,5.9,6.92,621.4263986,7.2,38104.3,3.3,12.4,147.36,46.38,123.5,131.72,104.8,104.8,127.6,99.6,103.3
2018/11/1,268.5263,114.5,381,336,0.665451646,38466.8,2507.37,3961.2,3367.02,292.89,3074.13,3918.08,101.7,66.1,4.04,50,5.4,6.94,677.5375635,8,38093.8,2.7,9.2,138.98,43.05,123.3,117.8,103.3,108,116.7,100.4,102.9
2018/12/1,273.5652,103.9737,308.8095,290.6111,0.816709697,39579.5,2202.8,4000,3400,197.17,3202.83,3962.17,102.1,56.41,3.97,49.4,5.7,6.85,935.31032,8,38776.7,0.9,3.8,130.25,42.14,118.17,103.94,101,106.1,104.1,100.4,101.7
2019/1/1,288.85,100.1413,294.3958,276.0435,0.926476836,36279.6,2036.65,3922,3333.7,304.93,3028.77,3883.01,101.5,59.62,3.13,49.5,5.3,6.8,654.962671,-15.8,26449.9,0.1,1.2,129.43,42.99,121.85,104.02,99.4,103.8,97.4,100,101.4
2019/2/1,298.5238,104.9167,318.4,277.98,1.071664572,36783.3,2045.28,3878.3,3296.56,345.37,2951.19,3865.04,100.1,63.5,2.71,49.2,5.3,6.73,720.1579305,-7.5,28177.8,0.1,1.8,133.62,42.9,130.61,112.08,99,103,98.8,99.7,101.2
2019/3/1,290.2273,107.83,305.79,283.24,0.771669328,37931.3,2007.86,3863.4,3283.89,369.2,2914.7,3838.67,99.6,66.78,2.93,50.5,8.5,6.7,753.1077482,-2.8,31972.8,0.4,4.2,137.14,43.61,130.97,116.44,98.9,102.6,104.6,99.5,101
2019/4/1,278.9565,101.9,301.43,269.97,0.559584558,37266.3,1879.37,3888.5,3305.23,287.39,3017.84,3824.17,99.5,71.5,2.65,50.1,5.4,6.72,502.5500494,-1.8,33525.9,0.9,5.3,140.76,42.66,136.55,121.05,99.4,103.1,105.1,99.6,100.8
2019/5/1,265.1,93.45,293.77,273.67,1.173386097,37044,2012.3,3803.3,3232.81,219.07,3013.74,3777.27,100,70.63,2.63,49.4,5,6.85,759.0687265,-1.1,32202.5,0.6,6.1,140.03,42.88,141.53,119.75,98.9,105,102.6,100.1,100.6
2019/6/1,251.4783,85.44,285,252,1.294330835,38671.8,2064.16,3855.2,3276.92,35.98,3240.95,3832.87,100,62.98,2.4,49.4,6.3,6.89,959.8522864,0.5,33570.6,0.2,4.5,135.91,43.05,149.04,110.93,98,103.9,97.7,100.5,99.6
2019/7/1,230.2381,75.11,261,207.5,0.75657022,37009.5,1901.82,3907.6,3321.46,-157.72,3479.18,3884.9,100.1,64.17,2.38,49.7,4.8,6.87,721.646693,3.3,35294.7,-0.3,3.2,137.94,39.99,155.9,112.19,97.8,101,94.2,100.9,99.1
2019/8/1,233.67,71.34,237,217,1.216706514,39131,1970.2,4017.2,3414.62,-33.96,3448.58,4008.2,99.8,60.06,2.22,49.5,4.4,7.04,904.938393,4.3,38576.5,-0.8,2.8,141.95,41.39,135.28,109.95,97,100.4,93.5,101.1,97.9
2019/9/1,235.91,77.4524,248.8333,213.33,0.726338625,40269,1863.43,3997.3,3397.71,-120.53,3518.24,3999.16,100.6,62.36,2.56,49.8,5.8,7.12,933.8837889,5,39514.2,-1.2,0.6,144.86,41.47,130.91,109.32,96.3,98.1,90.3,101.6,97.1
2019/10/1,217,78.8587,255.6522,204.91,0.672664583,41722.5,1834.64,4128.4,3509.14,-25.43,3534.57,4153.48,99.6,59.34,2.27,49.3,4.7,7.1,970.8298913,4.6,40566,-1.6,-1.9,147.51,40.33,125.89,112.94,95.7,96.7,87.6,100.9,96.4
2019/11/1,217.4091,80.48,237.7143,206.9048,0.602992952,38145,1769.98,4059.1,3450.24,40,3410.24,4076.29,101.4,62.41,2.65,50.2,6.2,7.02,726.5910687,34.2,35484.1,-1.4,-1.4,149.29,41.41,129.9,117.06,95.6,94.2,91.6,99.9,96.6
2019/12/1,247.5909,78.62,236.6364,205.725,0.601883292,38545.6,1826.43,3999.6,3399.66,-28.04,3427.7,4021.73,101.9,65.14,2.24,50.2,6.9,7.02,894.895726,17.7,33152.6,-0.5,2.6,152.53,41.18,132.45,120.56,96.4,94.3,101.6,99.8,96.7
2020/1/1,226.125,90.3333,264,233.9545,1.257445455,39009.3,1877.72,4045.6,3438.76,198.54,3240.23,4046.95,101.4,63.75,2.02,50,-13.5,6.93,755.263833,12.4,35945.1,0.1,4.7,143.69,39.38,123.56,108.23,97,94.8,108.5,99.9,96.9
2020/2/1,199.1364,99.1053,250.2,243.5,0.873829663,37754.2,1874.03,3971.7,3375.95,36.27,3339.68,3954.38,100.8,55.48,1.92,35.7,-13.5,7,646.3675545,12.1,37585.8,-0.4,1.1,126.57,36.99,123.43,83.53,97.1,95.1,100.3,100,96.9
2020/3/1,167.9773,84.0341,220.9091,197.2045,0.671284437,38217.4,1747.35,3979.4,3382.49,18.97,3363.53,3946.8,100,33.74,1.8,52,-1.1,7.02,734.6422769,8.5,34925.1,-1.5,-4,113.11,33.14,119.07,64.74,96.4,95.1,87.9,99.5,96.6
2020/4/1,160.6,64.4286,187.1364,150.25,0.603500307,39297.9,1662.07,3934.2,3344.07,-74.67,3418.74,3862.58,100.2,26.6,1.74,50.8,3.9,7.05,819.1759786,2.5,34394.9,-3.1,-11.6,119.28,33.23,128.21,70.28,94.3,93.4,74.4,99.7,95.2
2020/5/1,156.2727,56.075,181.1905,147.38,0.761535704,38875.3,1707.49,3915,3327.75,-189,3516.75,3860.8051,100.6,32.49,1.74,50.6,4.4,7.06,934.7170383,4.4,36833,-3.7,-14.8,133.69,33.2,136.13,86.9,93.7,90.1,69.5,99.9,94.3
2020/6/1,165.1087,47.5227,176.3636,153.8409,0.770579576,41400,1842.25,3890.9,3307.27,-102.93,3410.19,3826.91,88.1,40.77,1.62,50.9,4.8,7.06,843.615191,4.9,40453.9,-3,-10.5,141.43,33.79,142.66,92.72,94.6,90,75.4,100,94.2
2020/7/1,172.2381,56.9783,190.0435,167.2174,0.927134454,41430.7,1853.04,3879.3,3297.41,19.2,3278.21,3822.01,88.5,43.18,1.76,51.1,4.8,7.02,893.4085013,3.9,41043.2,-2.4,-7.1,145.68,34.79,158.08,95.8,94.7,92.6,81,99.9,93.7
2020/8/1,200.5,70.4524,203.1905,188.7381,0.663431168,39933.3,1813.19,3967.4,3372.29,153.26,3219.03,3916.52,91,45.03,2.3,51,5.6,6.92,821.083237,1.7,41268.9,-2,-5.8,142.8,35.73,160.07,91.7,94.7,91.7,82,100.7,93.9
2020/9/1,210,77.9524,232.36,207.2727,0.860369265,37166.5,1887.96,3718.4,3160.64,227.23,2933.42,3673.59,91.4,41.87,1.98,51.5,6.9,6.81,563.816388,-3.5,34233.1,-2.1,-4.8,141.99,39.55,155.89,91.69,95,93,81.1,99.6,93.7
2020/10/1,238.0714,87.4091,257.77,234.0909,0.649597168,39872.56232,1986.05,3599.1,3059.24,223.02,2836.22,3570.73,91.1,41.52,2.31,51.4,6.9,6.72,631.7533765,-11.1,29483.1,-2.1,-5.1,145.99,43.06,160.92,95.54,95.6,95.7,78.4,99.7,94.4
2020/11/1,283.6087,96.5952,277.4286,263.7381,0.417565286,39972.31997,2076.11,3385.1,2877.34,99.49,2777.85,3352.08,91.4,43.97,2.58,52.1,7,6.6,723.9094737,-6.7,33547,-1.5,-3.6,158,44.94,187.4,105.86,97.6,99.3,79.5,100.7,95.1
2020/12/1,307.4,116.1364,326.4783,333.3864,0.594900846,40072.07762,2198.53,3600.1,3060.09,-184.19,3244.28,3558.19,93,50.22,2.64,51.9,7.3,6.54,606.5165472,3.1,38742.5,-0.4,-0.4,165.42,45.57,194.71,113.37,99.6,103.7,82.7,101.3,96.1
2021/1/1,305.1875,108.9737,372.55,327.5,0.774028063,40171.83528,2507.39,4016.9,3414.37,192.46,3221.91,3955.32,92.9,55.32,2.64,51.3,35.1,6.48,665.3083251,2.7,35870.1,0.3,1,173.42,48.89,198,124.85,100.4,112.9,86.5,101.1,97.4
2021/2/1,299.2826,111.2632,380.7,339.11,0.71525228,40271.59293,2696.94,4001,3400.85,-54.16,3455.01,3941.14,93.6,62.31,5.7,50.6,35.1,6.46,565.4004842,5.4,36257.9,1.7,6.8,176.78,49.69,198.95,130.62,102.2,116.2,94.9,100.9,98.2
2021/3/1,292.6905,118.8478,374.6522,322.5652,0.838427961,40371.35058,2367.69,4176,3549.6,-72.41,3622.01,4090.27,90.1,65.7,2.63,51.9,14.1,6.5,493.8991929,2.5,37744.9,4.4,12.3,175.76,49.08,207.07,129.29,107.1,112.5,111.4,101.4,100.2
2021/4/1,310.3056,120.1667,372.9545,320.975,0.7356022,40471.10823,2266.5,4145.8,3523.93,64.56,3459.38,4052.95,93.5,65.31,2.64,51.1,9.8,6.52,488.2267729,-0.5,40270.5,6.8,24.9,180.82,48.33,227.64,136.08,110.9,116,126.7,102.3,101.8
2021/5/1,309.1818,111.55,372.2381,307.15,0.636074483,40570.86588,2656.37,3879.7,3297.75,125.88,3171.87,3790.68,93.5,68.34,2.91,51,8.8,6.43,492.6757138,-5.9,38615.1,9,36.4,178.84,46.23,235.95,142.21,112.9,133.5,134,103.1,103.1
2021/6/1,341,106.4773,371.7273,307.4545,0.728741169,40670.62354,2748.79,3910.6,3324.01,112.18,3211.83,3819.05,94.3,73.55,3.18,50.9,8.3,6.42,413.0723419,-1.8,40542,8.8,35.1,180.38,47.12,234.17,144.86,112.5,139.4,131.4,103.4,104.1
2021/7/1,356.77,114,378,338,0.52433449,40770.38119,2710.59,3964.8,3370.08,42.83,3327.26,3838.66,95.1,74.08,3.82,50.4,6.4,6.47,505.5795429,10.6,37855.4,9,38.7,175.94,48.62,200.41,138.79,113.4,145,130.8,103.7,105.5
2021/8/1,394.14,127.7,383.82,393.31,0.58894521,40870.13884,2987.32,3883.4,3300.89,113.59,3187.31,3838.27,96.7,70.48,4.05,50.1,5.3,6.48,592.8004556,18.4,34910.5,9.5,41.8,176.91,47.95,173.87,143,115.1,156.3,128.6,103.2,106.8
2021/9/1,463.94,132.5,418.73,376.64,0.83801496,40969.89649,3821.49,3739,3178.15,118.6,3059.55,3684.37,96.4,74.63,4.95,49.6,3.1,6.46,356.0634929,12.7,37803.3,10.7,49.4,187.28,50.58,172.42,158.33,116,176.1,129.9,104.5,107.7
2021/10/1,366.32,148,514,449.94,0.761751115,41069.65414,4073.1,3900,3315,210,3105,3851.1,96.4,83.44,5.54,49.2,3.5,6.42,452.1493777,3.1,39951.4,13.5,66.5,184.28,52.25,147.92,153.78,119.8,201.2,140,106.2,108.8
2021/11/1,349.09,134.18,478.57,367.31,0.796019912,41169.4118,3456.91,4178.2,3551.47,38.41,3513.06,4110.03,97.6,80.56,5.07,50.1,3.8,6.39,491.7496316,2.5,36760.7,12.9,60.5,178.32,52.79,164.7,140.48,119.1,183.1,145.3,106.7,109.5
2021/12/1,347.8,112.02,440.28,360.35,0.863984227,41269.16945,2597.6,4129,3509.65,6.85,3502.8,4057.86,98.5,74.81,3.84,50.3,4.3,6.37,589.8113043,4.6,37932.7,10.3,44.2,186.68,51.82,182.56,155.29,115.4,158.3,133.3,105.7,109.1
2022/1/1,366.5,115.56,404.2,378.53,0.795035899,41368.9271,2977.68,4150.1,3527.59,62.54,3465.05,4079.03,97.9,85.41,4.33,50.1,7.5,6.36,582.5810285,5.5,39826,9.1,35,194.53,50.75,189.57,170.98,113.6,144.8,128,105.8,108.7
2022/2/1,405.17,121.34,417.65,364.24,1.500050306,41468.68475,2748.37,4068.9,3458.57,-5.58,3464.15,4003.56,98.2,94.1,4.74,50.2,7.5,6.34,406.1777864,7.6,43333,8.8,33,206.86,49.9,201.06,194.81,112.6,137.3,130.1,106.2,108.2
2022/3/1,383.05,131.21,455.57,417.6,2.474723101,41568.44241,3427.87,4043.3,3436.81,-55.02,3491.82,3981.4,98.3,112.46,4.77,49.5,5,6.34,863.9366077,10.1,42505,8.3,38,207.71,49.34,206.18,192.28,110,147.8,131.6,107.1,106.7
2022/4/1,350.05,114.03,459.31,366.01,1.125626922,41668.20006,3829.87,4157.9,3534.22,176.18,3358.04,4073.5,99.6,105.92,6.41,47.4,-2.9,6.43,843.9185406,7.4,43550.2,8,38.3,209.51,48.2,188.54,195.86,109.4,154.7,134,106.5,106.2
2022/5/1,337.33,99.34,402.59,360.09,1.007300138,41767.95771,3559.25,4144.1,3522.49,303.1,3219.39,4066.78,98.5,111.96,8.13,49.6,0.7,6.73,735.8332743,3.1,39019.9,6.4,29.7,210.32,49.18,184.87,200.93,108.7,137.9,132.7,106.3,105.6
2022/6/1,309.9,108.27,391.09,368.09,0.853543699,41867.71536,3276.1,4153.7,3530.65,417.23,3113.42,4071.69,98.5,117.5,7.96,50.2,3.9,6.67,763.4010502,2.3,35699.1,6.1,27.3,201.23,48.03,162.51,186.68,109.1,129.7,136.1,106.3,105.7
2022/7/1,314.83,103.54,366.55,357.57,0.81329149,41967.47301,2851.9,4037,3431.45,513.7,2917.76,3957.43,99.3,105.12,7.1,49,3.8,6.73,778.8398819,7.215686275,41484.15455,4.2,18.8,195.78,46.45,161.66,172.52,107,118.8,130.6,105.3,104.3
2022/8/1,323.67,110.18,361,367.03,1.23756516,42067.23067,2609.56,4128.1,3508.89,769.69,2739.2,4049.68,100.5,97.74,8.76,49.4,4.2,6.78,602.4936016,7.447162023,41793.23755,2.3,10.1,192.24,45.26,154.6,164.74,103.2,105.2,125.7,104.8,102.4
2022/9/1,323.94,105.96,362.82,353.39,1.136966109,42166.98832,2673.81,3937.2,3346.62,77.06,3269.57,3848.75,101,90.57,8.04,50.1,6.3,7.01,689.2953079,7.678637771,42102.32055,0.9,3.5,196.04,44.21,147.19,169.1,101.2,92.8,125,104.1,101.2
2022/10/1,312.14,107.11,367.62,349.23,1.181415439,42266.74597,2769.65,3849,3271.65,48.3,3223.35,3756.41,101.4,93.59,5.72,49.2,5,7.18,743.397577,7.910113519,42411.40356,-1.3,-6.7,194.69,44.83,149.35,167.58,97.4,81.3,117.4,102.8,99.3
2022/11/1,304.23,95.5,359.45,320.01,1.117509604,42366.50362,2570.52,3959.931818,3452.82,-13.14968908,3240.4248,4022.504865,101.9,90.85,5.35,48,2.2,7.2,892.6838638,8.141589267,42720.48656,-1.3,-3.9,188.15,45.61,165.38,156.02,96.1,86,113.2,102.7,97.6
2022/12/1,321.71,97.62,346,308.45,0.874093354,42466.26128,2773.75,3941.248252,3454.879714,18.86397733,3240.589508,4031.247417,101.5,81.43,5.57,47,1.3,6.98,700.5243112,8.373065015,43029.56957,-0.7,1.7,184.81,45.83,168.78,156.28,96.7,96.9,112.2,103.3,97.2
2023/1/1,327.7,102.44,365.5,323.61,0.663339436,42566.01893,2732.18,3922.564685,3456.939429,24.57826559,3240.754215,4039.989969,100.1,84,3.2,50.1,2.4,6.79,728.0449092,8.604540764,43338.65257,-0.8,2,184.48,44.66,169.99,158.2,96.7,99.2,107.7,102.8,96.4
2023/2/1,314.74,109.18,368.58,336.16,1.540821791,42665.77658,2689.95,3903.881119,3458.999143,-30.29255384,3240.918923,4048.732521,101,83.48,2.39,52.6,2.4,6.83,573.7079036,8.836016512,43647.73557,-1.4,0.3,182.32,43.82,173.11,153.71,96.1,99.2,102.9,102,95.9
2023/3/1,296.84,94.75,358.39,337.68,1.403219104,42765.53423,2688.3,3885.197552,3461.058857,-36.00684209,3241.083631,4057.475073,101.5,79.21,2.32,51.9,3.9,6.89,756.7567371,9.06749226,43956.81858,-2.5,-4.7,181.78,42.56,166.61,157.41,94.9,94.6,94.6,101.5,95.5
2023/4/1,264.45,79.51,346.25,291.72,1.232006192,42865.29188,2479.13,3866.513986,3463.118571,41.72113035,3241.248338,4066.217624,101.8,83.28,2.16,49.2,5.6,6.89,354.666401,9.298968008,44265.90158,-3.6,-8.5,172.95,42.62,156.2,145.53,93.5,86.7,91.5,101.3,95.3
2023/5/1,241.75,85.05,325.74,270.87,1.078199744,42965.04954,2057.78,3847.83042,3465.178286,47.4354186,3241.413046,4074.960176,101.4,75.69,2.15,48.8,3.5,6.99,522.0904122,9.530443756,44574.98458,-4.6,-11.5,171.36,41.51,162.92,140.97,92,80.8,89.4,100.4,95.3
2023/6/1,257.57,74.64,295.45,237.49,1.076847792,43064.80719,1889.12,3829.146853,3467.238,53.14970686,3241.577754,4083.702728,101.4,74.98,2.17,49,4.4,7.15,523.1169847,9.761919505,44884.06759,-5.4,-16.2,175.27,42.62,168.72,146.25,90.4,76.2,83.9,99.8,95
2023/7/1,274.13,69,276.43,201,0.968583107,43164.56484,1954.4,3810.463287,3469.297714,58.86399511,3241.742462,4092.44528,102.4,80.16,2.55,49.3,3.7,7.18,704.5660767,9.993395253,45193.15059,-4.4,-14.7,182.97,43.3,167.29,155.36,91,77.8,85.3,100.3,95.7
2023/8/1,289.1,69,278.61,228.33,1.002186537,43264.32249,2135.5,3791.77972,3471.357429,64.57828337,3241.907169,4101.187832,101.3,85.1,2.59,49.7,4.5,7.24,709.8819912,10.224871,45502.2336,-3,-9.9,188.95,47.15,173.13,164.7,93.4,83.4,92.7,100.2,96.7
2023/9/1,281.76,76.43,296.67,240.74,1.094912529,43364.08014,2123.69,3773.096154,3473.417143,70.29257162,3242.071877,4109.930384,101.6,92.23,2.62,50.2,4.6,7.3,819.7461456,10.45634675,45811.3166,-2.5,-7.4,185.82,47.79,174.22,162.97,95.3,83.8,96.1,100.5,97.6
2023/10/1,285.14,91.09,326.82,297.05,1.039240241,43463.8378,2280.44,3754.412587,3475.476857,76.00685988,3242.236585,4118.672936,102.4,88.7,2.97,49.5,6.6,7.31,603.7398945,10.6878225,46120.3996,-2.6,-6.2,183.21,48.07,178.39,157.48,95.5,84.3,99,100.3,98.1
2023/11/1,288.67,103.05,333.01,338.03,0.926157713,43563.59545,2248.54,3735.729021,3477.536571,81.72114813,3242.401292,4127.415487,102.5,82.03,2.75,49.4,6.8,7.25,743.397577,10.91929825,46429.48261,-3,-7.3,182.05,47.32,183.2,155.81,95.7,84.5,95.9,99.8,98.5
2023/12/1,286.82,101.35,323.24,314.62,0.701460838,43663.3531,2467.15,3717.045455,3479.596286,87.43543639,3242.566,4136.158039,103.1,77.23,2.56,49,7,7.13,697.5720536,11.15077399,46738.56561,-2.7,-7,180.94,48.35,186.53,154.68,95.9,84.3,96.7,99.7,98.5
2024/1/1,304,95.36,330.64,274.55,0.97689271,43763.11075,2343.77,3698.361888,3481.656,93.14972464,3242.730708,4144.900591,103,79.15,3.27,49.2,7,7.17,700.3081369,11.38224974,47047.64862,-2.5,-6,183.15,47.98,183.66,157.75,96.1,83.8,99.1,99.5,98.9
2024/2/1,308.62,99.29,332.38,287.96,0.771493971,43862.86841,2238.38,3679.678322,3483.715714,98.8640129,3242.895415,4153.643143,101.6,81.72,1.82,49.1,5.335714286,7.19,703.0442201,11.61372549,47356.73162,-2.7,-5.5,182.88,51.16,174.53,160.18,95.8,84.8,98.6,99.7,99.2
2024/3/1,303.7,104.05,339.48,307.16,0.877946973,43962.62606,1983.59,3660.994755,3485.775429,104.5783012,3243.060123,4162.385695,102.1,84.67,1.51,50.8,5.41182266,7.2,705.7803033,11.84520124,47665.81462,-2.8,-5.8,185.26,52.7,169.45,163.85,95.9,83.4,99.9,99.7,99.3
2024/4/1,305.9306437,99.73,336.68,305.82,0.895748615,44062.38371,1816.22,3642.311189,3487.835143,110.2925894,3243.224831,4171.128247,103.2549858,88.82,1.6,50.4,5.487931034,7.24,708.5163866,12.07667699,47974.89763,-2.5,-4.8,181.7921429,50.23264706,180.3124265,146.2389174,96.4,83.7,103.5,100.4,99.4
